time,free_cpu_ratio,job_queue_ratio,battery_ratio,running_job_ratio,time_norm,cpu_usage_ratio,clean_energy_ratio,solar_generation,wind_generation,clean_energy_generation,non_clean_energy_used,cluster_consumption,reward,battery_level,ram_usage_ratio,brown_energy_ratio,completed_jobs,avg_slowdown
1,0.930627178281986,1.0,1.0,0.015625,0.0033333333333333335,0.069372821718014,1.0,0.0,394.87814499433796,355.39033049490416,0,0,0.20811846515404198,100,0.03278766718421866,0,0,0
2,0.8951118379381624,1.0,1.0,0.03125,0.006666666666666667,0.10488816206183756,1.0,0.0,93.53597637903435,84.18237874113092,0,53.4671125995736,10.314664486185512,100,0.09315589774178534,0.0,0,0
3,0.8274499743269078,1.0,1.0,0.046875,0.01,0.1725500256730922,1.0,0.0,394.5560920268217,355.10048282413953,0,125.14452651166164,10.517650077019276,100,0.12420386304850595,0.0,0,0
4,0.7446772923300353,1.0,1.0,0.0625,0.013333333333333334,0.2553227076699646,1.0,0.0,844.7266916878945,760.254022519105,0,142.18518794314113,10.765968123009895,100,0.17308657670599026,0.0,0,0
5,0.8365082841850611,1.0,1.0,0.046875,0.016666666666666666,0.1634917158149389,1.0,0.0,767.475464888649,690.7279183997841,0,190.87290589299442,11.490475147444817,100,0.1646830176884786,0.0,2,1.5
6,0.7590348594028942,1.0,1.0,0.0625,0.02,0.24096514059710586,1.0,0.0,875.1611336622117,787.6450202959905,0,217.01714160712945,10.722895421791318,100,0.19740660802160848,0.0,0,0
7,0.7504222224774958,1.0,1.0,0.0625,0.023333333333333334,0.2495777775225042,1.0,0.0,325.81570033419365,293.23413030077427,0,217.01714160712945,6.748733332567513,100,0.21970559322797556,0.0,1,6.0
8,0.7307088269838471,1.0,1.0,0.0625,0.02666666666666667,0.2692911730161529,1.0,31.05828541230249,794.5066092637934,743.0084052084862,0,285.3369062741284,10.474540185715124,100,0.20576019262163492,0.0,1,2.3333333333333335
9,0.694672491804528,1.0,1.0,0.0625,0.03,0.30532750819547205,1.0,59.99999999999999,225.5773833420331,257.0196450078298,0,251.46310143565103,11.773125381729274,100,0.1708160129260876,0.0,1,1.1428571428571428
10,0.6415949962003484,1.0,1.0,0.078125,0.03333333333333333,0.3584050037996516,1.0,84.85281374238569,964.8531277656389,944.7353473572222,0,313.7555266080743,11.075215011398955,100,0.1925389893010372,0.0,0,0
11,0.6786772365261078,1.0,1.0,0.078125,0.03666666666666667,0.3213227634738922,1.0,103.92304845413263,606.2836707491944,639.1860472829943,0,306.07059481296346,9.630634957088343,100,0.16845124885191454,0.0,1,3.3333333333333335
12,0.6972560567367889,1.0,1.0,0.078125,0.04,0.30274394326321113,1.0,115.9110991546882,899.7357798241314,914.0821910809376,0,204.7630483577489,11.533231829789633,100,0.14577770061161655,0.0,1,1.375
13,0.7828109887951245,1.0,1.0,0.0625,0.043333333333333335,0.21718901120487558,1.0,120.0,348.4860626994401,421.63745642949607,0,169.01251855429467,8.651567033614628,100,0.09611955914079984,0.0,2,3.0
14,0.8170374605171361,1.0,1.0,0.0625,0.04666666666666667,0.18296253948286392,1.0,115.9110991546882,210.6244649237405,293.88200767058584,0,135.48068309066005,9.948887618448593,100,0.12995366426954968,0.0,1,2.6
15,0.7614984225333774,1.0,1.0,0.0625,0.05,0.23850157746662262,1.0,103.92304845413264,764.439133138539,781.5259634334045,0,188.88231325177065,9.215504732399868,100,0.1561181658291112,0.0,1,3.5
16,0.7414178306978764,1.0,1.0,0.0625,0.05333333333333334,0.25858216930212363,1.0,84.8528137423857,525.7226656774217,549.5179314778267,0,256.9644279860921,7.775746507906371,100,0.18221094633698376,0.0,1,5.0
17,0.7497625361843678,1.0,1.0,0.0625,0.056666666666666664,0.25023746381563217,1.0,59.99999999999999,718.649070380784,700.7841633427056,0,256.9644279860921,-3.2492876085531037,100,0.1910543653522021,0.0,1,16.0
18,0.6527474085740732,1.0,1.0,0.078125,0.06,0.3472525914259268,1.0,31.05828541230252,602.2821229360744,570.0063675135393,0,288.80866417524,11.04175777427778,100,0.2073643088529169,0.0,0,0
19,0.5812862335568147,1.0,1.0,0.09375,0.06333333333333334,0.4187137664431853,0.8493762396059855,1.469576158976824e-14,290.5335842425435,261.48022581828917,46.36948038444899,307.84970620273816,8.243666091449267,100,0.2548645160050276,0.15062376039401448,0,0
20,0.7436603152046303,1.0,1.0,0.0625,0.06666666666666667,0.2563396847953697,0.8884591015173585,0.0,206.55924753927857,185.90332278535072,23.339086311314475,209.2424090966652,-3.6701322486000523,100,0.16633000978434564,0.1115408984826415,3,6.069444444444444
21,0.8055877464142277,1.0,1.0,0.046875,0.07,0.19441225358577227,1.0,0.0,288.39517615611186,259.5556585405007,0,119.62914958598405,8.392760570281126,100,0.1117711726813716,0.0,2,3.0952380952380953
22,0.8301578230019744,1.0,1.0,0.046875,0.07333333333333333,0.16984217699802556,0.4193420199813465,0.0,47.04031449514534,42.33628304563081,58.62255491559722,100.95883796122803,-6.1036330693789935,100,0.0979399388556984,0.5806579800186535,1,7.0
23,0.8315450668878297,1.0,0.8,0.046875,0.07666666666666666,0.16845493311217027,0.21425838320383528,0.0,0,20.0,73.34523905640111,93.34523905640111,-14.209467536586784,80.0,0.08305193724070226,0.7857416167961647,1,11.0
24,0.8215161696286942,1.0,1.0,0.046875,0.08,0.17848383037130575,1.0,0.0,856.5589804303013,770.9030823872712,0,114.3422690289917,1.0354514911139172,100,0.08885287686473975,0.0,1,11.5
25,0.7245693282385806,1.0,1.0,0.0625,0.08333333333333333,0.27543067176141944,0.4937662055002223,0.0,108.88360902774012,97.99524812496611,100.46962661406053,198.46487473902664,0.7016161252887039,100,0.10713565579886775,0.5062337944997777,0,0
26,0.6468071101094572,1.0,1.0,0.078125,0.08666666666666667,0.3531928898905427,0.8343717237510476,0.0,282.6111703806255,254.35005334256294,50.49015888214285,304.8402122247058,7.7470131446925805,100,0.14980829242756366,0.1656282762489524,0,0
27,0.7199028104901757,1.0,0.8,0.0625,0.09,0.2800971895098243,0.07555189821624135,0.0,0,20.0,244.71869631596644,264.71869631596644,-13.862956181431414,80.0,0.12249230669093669,0.9244481017837587,2,5.107142857142858
28,0.6191335358602932,1.0,1.0,0.078125,0.09333333333333334,0.3808664641397068,0.9294488722111494,0.0,339.8967408682743,305.9070667814469,23.220307437316876,329.12737421876375,9.731576836642107,100,0.18793402924247138,0.07055112778885067,0,0
29,0.5606765766300654,1.0,0.8,0.09375,0.09666666666666666,0.43932342336993463,0.046600464325689255,0.0,0,20.0,409.1802729736896,429.1802729736896,-7.750020443376412,80.0,0.22784432441076352,0.9533995356743108,0,0
30,0.58653818164127,1.0,0.6496387916980099,0.09375,0.1,0.41346181835873,0.15069404770189357,0.0,49.63879169800987,64.67491252820889,364.50536044548073,429.1802729736896,-32.74573359088593,64.96387916980099,0.25020151634500565,0.8493059522981065,1,29.0
31,0.6185615282171004,1.0,1.0,0.078125,0.10333333333333333,0.3814384717828996,1.0,0.0,806.133660198021,725.5202941782188,0,333.38363775773655,4.858601129634414,100,0.22735140029113643,0.0,2,5.142857142857142
32,0.6368056423865487,1.0,0.8,0.078125,0.10666666666666667,0.36319435761345126,0.14358217878530624,31.05828541230249,0,47.95245687107224,286.0197482921743,333.97220516324654,-8.46734478002495,80.0,0.22868161144121169,0.8564178212146938,1,4.428571428571429
33,0.6596417836286501,1.0,1.0,0.078125,0.11,0.3403582163713499,1.0,59.99999999999999,396.8123109859451,411.1310798873506,0,297.50212655234697,6.62107464911405,100,0.22575644420770957,0.0,1,6.4
34,0.6218451214990728,1.0,1.0,0.078125,0.11333333333333333,0.37815487850092716,1.0,84.85281374238569,987.0084030533603,964.6750951161714,0,324.4436044278306,8.420178921217067,100,0.26828464481552194,0.0,1,4.714285714285714
35,0.5302594410455045,1.0,1.0,0.09375,0.11666666666666667,0.4697405589544955,1.0,103.92304845413263,843.5345023345222,852.7117957097894,0,394.08734133201386,11.409221676863487,100,0.28623522427867876,0.0,0,0
36,0.45711358094409293,1.0,1.0,0.109375,0.12,0.5428864190559071,1.0,115.9110991546882,428.85134880124355,490.2862031603386,0,460.9596390338748,11.62865925716772,100,0.31618289069483685,0.0,0,0
37,0.6265092683353404,1.0,1.0,0.078125,0.12333333333333334,0.37349073166465957,0.4228564376282581,120.0,33.34008493645979,138.00607644281382,188.36018917884815,326.36626562166197,-12.765256195298,100,0.2154894388952654,0.5771435623717419,3,6.114285714285714
38,0.6466143755292812,1.0,1.0,0.078125,0.12666666666666668,0.3533856244707188,1.0,115.9110991546882,279.4179195071707,355.796116795673,0,332.64465012522163,3.8101568734121565,100,0.18468081486679422,0.0,1,9.25
39,0.6325937393007474,1.0,1.0,0.078125,0.13,0.36740626069925264,1.0,103.92304845413264,614.578396552158,646.6513005056615,0,333.02229143126254,6.768885448764425,100,0.16733271658528048,0.0,1,6.333333333333333
40,0.6217659967098998,1.0,1.0,0.078125,0.13333333333333333,0.37823400329010015,1.0,84.8528137423857,867.7935167807271,857.3816974708016,0,299.46504489441224,5.3347020098703,100,0.16599361896605425,0.0,1,7.8
41,0.653378765192087,1.0,1.0,0.078125,0.13666666666666666,0.34662123480791296,0.46994903425875983,59.99999999999999,101.61265268929169,145.45138742036252,164.05321162574418,309.5045990461067,-17.561155610401066,100,0.15184073437226087,0.5300509657412402,1,20.0
42,0.593819865374964,1.0,1.0,0.09375,0.14,0.406180134625036,1.0,31.05828541230252,714.7321497907429,671.211391682741,0,346.2485518431353,11.218540403875108,100,0.2049968991192379,0.0,0,0
43,0.6600875436962207,1.0,1.0,0.09375,0.14333333333333334,0.3399124563037793,0.6873583144023379,1.469576158976824e-14,289.13030196480565,260.2172717683251,118.35859807415375,378.5758698424788,-7.233096343041906,100,0.21761466189355683,0.3126416855976622,1,14.0
44,0.6480458579206003,1.0,1.0,0.09375,0.14666666666666667,0.3519541420793996,1.0,0.0,376.2375968468474,338.61383716216267,0,288.9979097719311,7.680862426238199,100,0.22581367341232883,0.0,1,5.375
45,0.7929824481831674,1.0,1.0,0.046875,0.15,0.20701755181683254,0.25948678891770294,0.0,39.85217143515229,35.866954291637065,102.35570606511962,138.22266035675668,-40.97492585190973,100,0.14628507466504814,0.7405132110822972,4,11.196428571428571
46,0.691005081425383,1.0,1.0,0.0625,0.15333333333333332,0.308994918574617,1.0,0.0,918.0375377020605,826.2337839318544,0,179.60648788280048,10.92698475572385,100,0.1934364471274962,0.0,0,0
47,0.6229381532213824,1.0,1.0,0.078125,0.15666666666666668,0.37706184677861765,1.0,0.0,493.5075685106058,444.1568116595452,0,308.7198179495511,11.131185540335853,100,0.22521938093606086,0.0,0,0
48,0.7801276075657362,1.0,1.0,0.046875,0.16,0.21987239243426387,1.0,0.0,686.1430252838283,617.5287227554454,0,149.18747923889765,-18.590382822697208,100,0.13579746929364878,0.0,3,11.75
49,0.7555747134433871,1.0,1.0,0.046875,0.16333333333333333,0.24442528655661291,1.0,0.0,326.89365147111965,294.2042863240077,0,197.16500201347478,-11.266724140330162,100,0.16605584764412495,0.0,1,24.0
50,0.7586953076398535,1.0,1.0,0.046875,0.16666666666666666,0.24130469236014648,0.8566666414933878,0.0,187.67186677213385,168.90468009492048,28.260321918554297,197.16500201347478,-39.14275309305181,100,0.13415816858322727,0.1433333585066122,1,49.0
51,0.66298112010827,1.0,1.0,0.0625,0.17,0.33701887989173,1.0,0.0,883.4005644953334,795.0605080458,0,258.59688273289083,11.01105663967519,100,0.1907471712657166,0.0,0,0
52,0.5745850460423405,1.0,1.0,0.078125,0.17333333333333334,0.4254149539576595,0.46273259720346505,0.0,154.4261178346805,138.98350605121246,161.370320091926,300.35382614313846,0.5308968059422803,100,0.21711453635233047,0.537267402796535,0,0
53,0.6141767595210743,1.0,0.8,0.078125,0.17666666666666667,0.38582324047892563,0.08590566963835475,0.0,0,20.0,212.81350444267414,232.81350444267414,-12.552988314367557,80.0,0.22677297310578748,0.9140943303616452,1,7.428571428571429
54,0.7806843433509648,1.0,0.8406132069368148,0.046875,0.18,0.21931565664903516,0.23977313705020734,0.0,40.61320693681483,36.551886243133346,115.89173898031927,152.4436252234526,-38.29659028904875,84.06132069368148,0.11350654655843129,0.7602268629497927,3,13.25
55,0.6955136629429532,1.0,1.0,0.0625,0.18333333333333332,0.3044863370570468,1.0,0.0,460.11828754544564,414.10645879090106,0,194.31629061067585,10.91345901117114,100,0.1744784503612422,0.0,0,0
56,0.7584395965221037,1.0,1.0,0.0625,0.18666666666666668,0.24156040347789628,1.0,31.05828541230249,715.6726426451123,672.0578352516733,0,247.2250140330254,-1.0253187895663112,100,0.2031408643918684,0.0,1,13.75
57,0.6995357135062945,1.0,1.0,0.078125,0.19,0.30046428649370555,1.0,59.99999999999999,892.3245128426752,857.0920615584076,0,261.68762272328615,10.901392859481117,100,0.26250416287040257,0.0,0,0
58,0.8164936477616495,1.0,1.0,0.046875,0.19333333333333333,0.18350635223835055,1.0,84.85281374238569,1060.7080403545726,1031.0047686872626,0,205.35234864580218,-83.19948094328495,100,0.17650204222179322,0.0,3,33.25
59,0.7559033610886603,1.0,1.0,0.0625,0.19666666666666666,0.24409663891133973,1.0,103.92304845413263,589.2975642677859,623.8985514497267,0,255.9813131431306,10.73228991673402,100,0.22735719063281723,0.0,0,0
60,0.7658957971511136,1.0,1.0,0.0625,0.2,0.23410420284888644,0.8049831866105797,115.9110991546882,73.41074219370067,170.38965721355,41.27893419018332,211.66859140373333,0.3734049121868228,100,0.22392413144735035,0.1950168133894203,1,8.428571428571429
61,0.7060302062774454,1.0,1.0,0.078125,0.20333333333333334,0.2939697937225546,1.0,120.0,989.8703432974911,998.8833089677421,0,246.3575099151325,10.881909381167663,100,0.27799270223725125,0.0,0,0
62,0.7641620712727208,1.0,1.0,0.0625,0.20666666666666667,0.23583792872727913,1.0,115.9110991546882,524.5026299824718,576.3723562234441,0,131.87577812649658,-55.00677192810387,100,0.20558522537163992,0.0,2,34.857142857142854
63,0.8484621748914377,1.0,1.0,0.03125,0.21,0.1515378251085623,1.0,103.92304845413264,671.0816220781354,697.5042034790413,0,39.02369738497161,-32.112053191340976,100,0.10511462287118523,0.0,3,16.188888888888886
64,0.7648318235509073,1.0,1.0,0.046875,0.21333333333333335,0.23516817644909266,1.0,84.8528137423857,554.4683274992324,575.3890271174563,0,127.14087224598384,10.705504529347278,100,0.12386342265730566,0.0,0,0
65,0.8140134290745037,1.0,1.0,0.046875,0.21666666666666667,0.1859865709254963,0.47765476743724783,59.99999999999999,0,53.99999999999999,59.05236267131841,113.0523626713184,-19.222278271811884,100,0.10356947431794894,0.5223452325627521,1,21.333333333333332
66,0.8466853482195086,1.0,1.0,0.046875,0.22,0.15331465178049142,1.0,31.05828541230252,213.9267042338475,220.486490681535,0,117.28317008580072,-20.040056044658527,100,0.13076391745062943,0.0,1,32.5
67,0.7999083618844972,1.0,0.8,0.0625,0.22333333333333333,0.2000916381155028,0.2274637052708591,1.469576158976824e-14,17.54745116214602,35.79270604593143,121.56297407591578,157.3556801218472,-4.8504509802363085,80.0,0.1892172555360454,0.772536294729141,0,0
68,0.7436579639607683,1.0,1.0,0.078125,0.22666666666666666,0.25634203603923167,1.0,0.0,649.643658965853,584.6792930692677,0,215.27939182426977,10.769026108117695,100,0.2551150883796385,0.0,0,0
69,0.7903906988501346,1.0,1.0,0.0625,0.23,0.2096093011498654,1.0,0.0,332.77121321034144,299.4940918893073,0,123.93061141301979,-13.70450542988374,100,0.2274153824040538,0.0,2,14.166666666666668
70,0.8472943701199348,1.0,1.0,0.046875,0.23333333333333334,0.15270562988006517,1.0,0.0,561.9191468864467,505.72723219780204,0,108.39934143210134,-37.291883110359805,100,0.1335974537154474,0.0,2,25.875
71,0.7822030256684833,1.0,1.0,0.0625,0.23666666666666666,0.21779697433151668,0.3469862888354209,0.0,49.746249056924775,44.771624151232295,84.25832772812836,129.02995187936065,-2.4068833002970322,100,0.1813907521310134,0.6530137111645792,0,0
72,0.780127126233461,1.0,0.8,0.0625,0.24,0.21987287376653897,0.14434157298977743,0.0,0,20.0,118.56021924755137,138.56021924755137,-18.653549918904833,80.0,0.18544650548207464,0.8556584270102225,1,14.2
73,0.7900314805779669,1.0,0.6,0.046875,0.24333333333333335,0.20996851942203307,0.17620206452513465,0.0,0,20.0,93.50604803581666,113.50604803581666,-43.8460531512312,60.0,0.13965352520102847,0.8237979354748654,2,21.0
74,0.7534625551367354,1.0,1.0,0.0625,0.24666666666666667,0.2465374448632646,1.0,0.0,600.657317749185,540.5915859742665,0,184.3920475535304,10.739612334589793,100,0.17327472225384843,0.0,0,0
75,0.6683659814333848,1.0,1.0,0.078125,0.25,0.33163401856661523,1.0,0.0,623.1311078688952,560.8179970820057,0,225.49672142043678,10.994902055699846,100,0.20374652428878404,0.0,0,0
76,0.688309664027279,1.0,1.0,0.0625,0.25333333333333335,0.31169033597272106,1.0,0.0,379.86687026465785,341.88018323819205,0,169.07677573373724,-18.814928992081835,100,0.13024286055855527,0.0,2,16.875
77,0.6233314182207759,1.0,1.0,0.078125,0.25666666666666665,0.37666858177922413,1.0,0.0,653.0155367285124,587.7139830556612,0,188.29587249703027,11.130005745337673,100,0.181085884100745,0.0,0,0
78,0.7484414398945708,1.0,1.0,0.0625,0.26,0.2515585601054292,1.0,0.0,292.4726885393268,263.2254196853941,0,164.46910326328634,-39.14532431968371,100,0.13774782866604596,0.0,2,26.95
79,0.8107166540030757,1.0,1.0,0.046875,0.2633333333333333,0.18928334599692434,1.0,0.0,367.67358350779125,330.90622515701216,0,123.58762300501598,-20.53214996200923,100,0.12137769394954623,0.0,2,17.55
80,0.7152945578733989,1.0,1.0,0.0625,0.26666666666666666,0.28470544212660104,1.0,31.05828541230249,204.82403876200738,212.29409175687888,0,142.91159109802715,10.854116326379803,100,0.15479532638501659,0.0,0,0
81,0.7304200181027303,1.0,1.0,0.0625,0.27,0.2695799818972698,0.8648242843974074,59.99999999999999,98.45397136207134,142.6085742258642,22.290326971424747,164.89890119728895,-29.894774366360043,100,0.16923314256759825,0.1351757156025926,1,40.0
82,0.7495281945384031,1.0,1.0,0.0625,0.2733333333333333,0.2504718054615969,0.9223733623118142,84.85281374238569,63.94223033958464,133.9155396737733,11.270287612186735,145.18582728596004,-5.001117337378922,100,0.1807100635774539,0.07762663768818576,1,16.2
83,0.8278144923885401,1.0,1.0,0.046875,0.27666666666666667,0.1721855076114599,1.0,103.92304845413263,883.3811105756131,888.5737431267712,0,77.08309557847561,-29.216776810498956,100,0.1753391533396329,0.0,2,21.866666666666667
84,0.7662244126131559,1.0,1.0,0.0625,0.28,0.23377558738684415,1.0,115.9110991546882,547.6325185518025,597.1892559358417,0,144.9506077550206,10.701326762160532,100,0.22360344350246086,0.0,0,0
85,0.7912014331002303,1.0,1.0,0.046875,0.2833333333333333,0.20879856689976975,1.0,120.0,146.09136252061563,239.4822262685541,0,142.37896663659362,-34.37360429930069,100,0.14194270034390133,0.0,2,24.5
86,0.7096114736573956,1.0,1.0,0.0625,0.2866666666666667,0.29038852634260437,1.0,115.9110991546882,342.20727871566226,412.30654008331544,0,222.72026605408172,10.871165579027814,100,0.2012590939712665,0.0,0,0
87,0.7603334800101291,1.0,1.0,0.0625,0.29,0.2396665199898709,1.0,103.92304845413264,716.5627553826323,738.4372234530884,0,262.99201879866735,-8.781000440030388,100,0.2005278691888972,0.0,1,21.5
88,0.7266448601109041,1.0,1.0,0.078125,0.29333333333333333,0.2733551398890958,0.26595481406735894,84.8528137423857,0,76.36753236814714,210.77723181275383,287.14476418090095,-3.8608382989855343,100,0.2247648918512163,0.7340451859326411,0,0
89,0.6986595631063135,1.0,0.8,0.09375,0.2966666666666667,0.3013404368936865,0.23780696348084815,59.99999999999999,0,74.0,237.17675831203996,311.17675831203996,-4.339839419701978,80.0,0.2804844167956051,0.7621930365191518,0,0
90,0.7244904574101116,1.0,0.9242755613791644,0.078125,0.3,0.27550954258988836,0.4517017261675232,31.05828541230252,93.21727596686193,111.84800524124802,135.7667342246065,247.6147394658545,-40.639436848879875,92.42755613791644,0.23702989065833902,0.5482982738324768,2,22.25
91,0.7498353778728721,1.0,1.0,0.078125,0.30333333333333334,0.2501646221271278,1.0,1.469576158976824e-14,535.2516362850552,481.7264726565497,0,249.2947891878718,-2.249506133618617,100,0.2548003481290828,0.0,1,15.0
92,0.7434253528120044,1.0,1.0,0.078125,0.30666666666666664,0.2565746471879956,0.6724507465307615,0.0,228.42953628626535,205.58658265763881,100.14076424216,305.7273468997988,-16.53126112782078,100,0.28077579710249523,0.32754925346923847,1,22.75
93,0.7827051541252628,1.0,1.0,0.078125,0.31,0.2172948458747372,1.0,0.0,434.6416880035594,391.1775192032035,0,254.0099758104287,-0.49097260523293074,100,0.2591499223871958,0.0,1,13.142857142857142
94,0.7498594024914854,1.0,1.0,0.078125,0.31333333333333335,0.2501405975085146,1.0,0.0,306.962051170408,276.2658460533672,0,260.30053893815517,-5.849578207474457,100,0.23799516092917916,0.0,1,18.6
95,0.7213313896067981,1.0,1.0,0.09375,0.31666666666666665,0.27866861039320184,1.0,0.0,829.4425131617561,746.4982618455805,0,350.2579785732478,10.836005831179605,100,0.2929756475807068,0.0,0,0
96,0.7108044913033558,1.0,1.0,0.09375,0.32,0.2891955086966442,0.8729822434677968,0.0,306.3807711681589,275.742694051343,40.12019561751748,315.8628896688605,-5.506101937887464,100,0.2978228344165955,0.1270177565322032,1,15.833333333333334
97,0.6077639627543499,1.0,1.0,0.109375,0.3233333333333333,0.3922360372456501,0.4160124010050828,0.0,200.4612185232345,180.41509667091105,253.26211159266364,433.6772082635747,-0.503043868161394,100,0.3434825977731135,0.5839875989949171,0,0
98,0.6235055031286176,1.0,0.8,0.09375,0.32666666666666666,0.3764944968713823,0.049617898385225796,0.0,0,20.0,383.080353075881,403.080353075881,-39.444825208348,80.0,0.29285854209769435,0.9503821016147742,2,17.78333333333333
99,0.569374959661952,1.0,0.6,0.09375,0.33,0.43062504033804805,0.05065933920988301,0.0,0,20.0,374.79393754307495,394.79393754307495,-17.944938094788196,60.0,0.28630897748427886,0.949340660790117,1,12.25
100,0.49240569109786136,1.0,0.7771947021047972,0.109375,0.3333333333333333,0.5075943089021386,0.29805163989331157,0.0,177.19470210479727,159.47523189431755,375.5838335461617,535.0590654404792,-2.516184275427353,77.71947021047973,0.3437568235608962,0.7019483601066885,0,0
101,0.6705446331029746,1.0,0.580144012329248,0.078125,0.33666666666666667,0.32945536689702537,0.053911397718715816,0.0,2.949310224450663,22.654379202005597,397.56064323546553,420.21502243747113,-143.6000726116013,58.0144012329248,0.21177427879596755,0.9460886022812842,3,47.22222222222223
102,0.6563599376951144,1.0,0.8397849720666295,0.078125,0.34,0.3436400623048856,0.6770206901291306,0.0,259.64095973738154,233.67686376364338,111.47782230521716,345.15468606886054,-6.053666010502733,83.97849720666295,0.22192855546591572,0.3229793098708694,1,12.625
103,0.6850351970417807,1.0,0.6397849720666295,0.078125,0.3433333333333333,0.31496480295821927,0.07329457426710093,0.0,0,20.0,252.87149424070287,272.8714942407029,-20.160642677211893,63.97849720666295,0.1902299426094647,0.926705425732899,1,14.571428571428571
104,0.6775807489573515,1.0,1.0,0.0625,0.3466666666666667,0.3224192510426485,1.0,31.05828541230249,464.9450763376039,446.4030255749158,0,200.8747377103381,-36.532742246872054,100,0.15719353137896797,0.0,2,25.75
105,0.7688139960208922,1.0,1.0,0.046875,0.35,0.23118600397910782,0.3270661862719333,59.99999999999999,0,53.99999999999999,111.10419684626973,165.10419684626973,-85.43178492929066,100,0.13267429417395882,0.6729338137280667,2,43.33333333333333
106,0.8208935611359147,1.0,1.0,0.046875,0.35333333333333333,0.17910643886408523,1.0,84.85281374238569,1010.1493030127335,985.5019050796074,0,198.01212831430806,-39.96268068340775,100,0.16043743446593162,0.0,1,52.5
107,0.8284617794873149,1.0,1.0,0.046875,0.3566666666666667,0.17153822051268505,1.0,103.92304845413263,121.86034527968981,203.2050543604402,0,87.34609375631302,-0.7353853384619449,100,0.14211122435389434,0.0,1,13.25
108,0.7635818169328837,1.0,1.0,0.0625,0.36,0.23641818306711626,1.0,115.9110991546882,594.1947260825962,639.0952427135559,0,196.42726420247786,10.709254549201349,100,0.16062156165170693,0.0,0,0
109,0.7882378996622488,1.0,1.0,0.0625,0.36333333333333334,0.2117621003377512,1.0,120.0,345.4987153757952,418.9488438382157,0,226.9400166659825,-23.364713698986748,100,0.13145499807691807,0.0,1,36.0
110,0.7352143099912827,1.0,1.0,0.078125,0.36666666666666664,0.2647856900087173,1.0,115.9110991546882,751.1599788921361,780.3639702421419,0,257.0394427123127,10.794357070026152,100,0.18495473168266896,0.0,0,0
111,0.6720529543381522,1.0,1.0,0.09375,0.37,0.3279470456618478,0.680578032969243,103.92304845413264,122.89153374073081,204.13312397537712,95.80768234888811,299.9408063242652,4.595401796370403,100,0.20173751446386123,0.319421967030757,0,0
112,0.6135369627162512,1.0,1.0,0.09375,0.37333333333333335,0.38646303728374876,1.0,84.8528137423857,1001.5548949997647,977.7669378679353,0,256.90770489901524,-2.697753745291611,100,0.17820113529505666,0.0,1,15.857142857142858
113,0.6104302505295534,1.0,1.0,0.09375,0.37666666666666665,0.3895697494704467,1.0,59.99999999999999,761.9116522597855,739.7204870338069,0,354.6920598062797,-42.83129075158866,100,0.1879411641211075,0.0,1,56.0
114,0.7539952897479327,1.0,1.0,0.046875,0.38,0.2460047102520673,1.0,31.05828541230252,275.5017317460444,275.9040154425122,0,170.81687632233138,-67.08817634543428,100,0.08226317765893221,0.0,4,21.45654761904762
115,0.7170242288162745,1.0,1.0,0.0625,0.38333333333333336,0.2829757711837256,1.0,1.469576158976824e-14,785.021425049828,706.5192825448453,0,273.0690261360515,10.848927313551176,100,0.12950802116575288,0.0,0,0
116,0.6368048315108826,1.0,1.0,0.078125,0.38666666666666666,0.36319516848911737,1.0,0.0,862.4811622244031,776.2330460019627,0,321.9385794725084,11.089585505467351,100,0.16971625779567956,0.0,0,0
117,0.5340291631394585,1.0,1.0,0.09375,0.39,0.46597083686054147,1.0,0.0,612.7590734312413,551.4831660881172,0,427.3602131545586,11.397912510581625,100,0.22847799944919855,0.0,0,0
118,0.5047962769387231,1.0,0.8,0.09375,0.3933333333333333,0.49520372306127697,0.04660787320271114,0.0,0,20.0,409.11204965337527,429.11204965337527,-28.982231366761948,80.0,0.265786412543362,0.9533921267972889,1,23.4
119,0.49852628362909,1.0,0.9866522649115119,0.09375,0.39666666666666667,0.50147371637091,0.4562771465340941,0.0,186.6522649115119,167.98703842036073,200.18182494787797,368.1688633682387,-14.227178777348245,98.66522649115119,0.2910797943897998,0.5437228534659059,1,16.857142857142858
120,0.5363733267158586,1.0,1.0,0.09375,0.4,0.4636266732841415,0.24204147870772996,0.0,94.30798974661738,84.87719077195564,265.7948974383737,350.6720882103294,-41.43495707265964,100,0.2500018998786091,0.7579585212922699,1,39.666666666666664
121,0.7182081274779323,1.0,1.0,0.0625,0.4033333333333333,0.2817918725220677,1.0,0.0,654.2233875206526,588.8010487685874,0,232.63680258263895,-60.297481525290934,100,0.1254870585178991,0.0,3,25.71428571428571
122,0.7129438323450485,1.0,1.0,0.0625,0.4066666666666667,0.2870561676549515,0.44968859623436935,0.0,116.59552468317509,104.93597221485759,128.4165590558418,233.3525312706994,-38.4783929056811,100,0.09419658436457734,0.5503114037656306,1,40.333333333333336
123,0.8484839447154704,1.0,1.0,0.046875,0.41,0.1515160552845296,1.0,0.0,164.51020188100944,148.0591816929085,0,127.93089758864923,-124.97402326271782,100,0.09833687391779311,0.0,2,69.71428571428571
124,0.7528013712676177,1.0,0.8,0.0625,0.41333333333333333,0.24719862873238227,0.10096353340994467,0.0,0,20.0,178.09132391190707,198.09132391190707,-7.239133445603961,80.0,0.12365303151912233,0.8990364665900553,0,0
125,0.6991650168997217,1.0,1.0,0.078125,0.4166666666666667,0.30083498310027834,1.0,0.0,623.6417045200881,561.2775340680793,0,319.54459673773454,10.902504949300836,100,0.17804233221857146,0.0,0,0
126,0.6196151252937103,1.0,1.0,0.09375,0.42,0.38038487470628973,1.0,0.0,756.3779230073408,680.7401307066067,0,377.93650286902124,11.141154624118869,100,0.2294927982107966,0.0,0,0
127,0.5847462427032171,1.0,1.0,0.09375,0.42333333333333334,0.41525375729678293,0.5329773951638447,0.0,262.53564626231093,236.28208163607985,207.0426893205635,443.32477095664336,-17.094690824832757,100,0.2595303689079538,0.4670226048361553,1,21.0
128,0.5609776311149574,1.0,1.0,0.09375,0.4266666666666667,0.43902236888504265,1.0,31.05828541230249,864.1822830527832,805.7165116185771,0,427.13744568255635,-2.557932893344872,100,0.2642802230038215,0.0,1,15.875
129,0.5699222878631748,1.0,1.0,0.09375,0.43,0.4300777121368252,0.6839404667585766,59.99999999999999,283.3491179429044,309.014206148614,142.80027357231262,451.8144797209266,-14.364290861751325,100,0.24016034139252251,0.3160595332414234,1,21.333333333333332
130,0.5623975704634601,1.0,1.0,0.09375,0.43333333333333335,0.43760242953654,1.0,84.85281374238569,808.4530172844364,803.9752479241399,0,442.7922418126468,-12.487192711390382,100,0.24351969295235554,0.0,1,25.8
131,0.4744349898797716,1.0,1.0,0.109375,0.43666666666666665,0.5255650101202284,0.6483767834586478,103.92304845413263,284.1023158790901,349.2228278999005,189.38811069206292,538.6109385919634,4.5442306995336414,100,0.2665088404193454,0.35162321654135226,0,0
132,0.5716596907107658,1.0,1.0,0.09375,0.44,0.4283403092892341,0.25717822098337145,115.9110991546882,0,104.31998923921938,301.31307269087483,405.63306193009424,-42.14641465246487,100,0.21064215774775896,0.7428217790166285,2,21.2875
133,0.5833732986219218,1.0,1.0,0.09375,0.44333333333333336,0.4166267013780783,1.0,120.0,695.355800312833,733.8202202815497,0,380.39186409951674,-5.607262753008623,100,0.18568126443389354,0.0,1,18.857142857142858
134,0.6300488943991478,1.0,1.0,0.09375,0.44666666666666666,0.3699511056008522,0.5104828720979646,115.9110991546882,94.89487155480975,189.72537363854818,181.9332735141398,371.658647152688,-18.84715590790482,100,0.1874431503016154,0.4895171279020354,1,22.166666666666668
135,0.6816759022158292,1.0,1.0,0.078125,0.45,0.31832409778417076,0.308466298630548,103.92304845413264,0,93.53074360871938,209.68145177195572,303.2121953806751,-54.709035067369854,100,0.17535710965289564,0.691533701369452,2,27.916666666666664
136,0.6094357611618295,1.0,1.0,0.09375,0.4533333333333333,0.39056423883817054,0.2739830828684996,84.8528137423857,35.34147411320894,108.17485907003518,286.64827357554714,394.8231326455823,-3.3486456261154967,100,0.19481571659177765,0.7260169171315005,0,0
137,0.6050482517090097,1.0,1.0,0.09375,0.45666666666666667,0.3949517482909903,1.0,59.99999999999999,828.561928848326,799.7057359634935,0,342.0711390618285,-6.2437161836984565,100,0.1729368713242142,0.0,1,19.428571428571427
138,0.5248452915977833,1.0,1.0,0.109375,0.46,0.47515470840221674,1.0,31.05828541230252,826.1749580863772,771.5099191488117,0,434.61493534364314,11.42546412520665,100,0.21078229996302955,0.0,0,0
139,0.6003238842517022,1.0,0.8,0.09375,0.4633333333333333,0.39967611574829776,0.09631637862247193,1.469576158976824e-14,18.724919097028582,36.85242718732574,345.76606111542657,382.6184883027523,-50.18892979459139,80.0,0.2226743511456205,0.903683621377528,2,23.65714285714286
140,0.7096751447859355,1.0,1.0,0.078125,0.4666666666666667,0.2903248552140644,0.9744899640700205,0.0,342.56900962173347,308.3121086595601,8.070943015876935,316.38305167543706,-40.24636901010026,100,0.231788296677227,0.02551003592997942,2,27.30357142857143
141,0.7518249409817003,1.0,0.8,0.078125,0.47,0.24817505901829975,0.0870038605428728,0.0,1.732434606602462,21.559191145942215,226.23660793033574,247.79579907627794,-28.848730945420975,80.0,0.24820010852738417,0.9129961394571272,1,23.333333333333332
142,0.6824514350756538,1.0,1.0,0.09375,0.47333333333333333,0.31754856492434624,1.0,0.0,812.6998523620623,731.429867125856,0,291.18633960467787,10.95264569477304,100,0.27255960154323877,0.0,0,0
143,0.7863797244627816,1.0,1.0,0.0625,0.4766666666666667,0.21362027553721843,1.0,0.0,673.7783560780025,606.4005204702023,0,198.86984679326144,-201.0924725067217,100,0.19437577808322481,0.0,3,72.57777777777778
144,0.8031322570319742,1.0,0.8,0.0625,0.48,0.1968677429680258,0.14335232302208537,0.0,0,20.0,119.51639972321013,139.51639972321013,-24.970921739225645,80.0,0.19428603920714882,0.8566476769779147,1,20.428571428571427
145,0.7261424838611534,1.0,0.6,0.078125,0.48333333333333334,0.2738575161388466,0.10158572934310114,0.0,0,20.0,176.87804703799407,196.87804703799407,-7.146712864721437,60.0,0.21288104788824236,0.8984142706568988,0,0
146,0.7947760258655865,1.0,0.4,0.046875,0.4866666666666667,0.20522397413441354,0.15781324252086995,0.0,0,20.0,106.73207698241869,126.73207698241869,-98.27568227479841,40.0,0.11177356516308523,0.8421867574791301,3,32.682539682539684
147,0.7553095494469373,1.0,1.0,0.0625,0.49,0.24469045055306268,1.0,0.0,853.9485316909553,768.5536785218598,0,238.16141392093732,10.734071351659187,100,0.16929313689615766,0.0,0,0
148,0.6803316994696889,1.0,1.0,0.078125,0.49333333333333335,0.31966830053031114,1.0,0.0,340.92067074397903,306.8286036695811,0,270.99242895519495,10.959004901590934,100,0.2223060081552216,0.0,0,0
149,0.6021057862396282,1.0,1.0,0.09375,0.49666666666666665,0.3978942137603719,0.9749487269762822,0.0,329.8508169749209,296.8657352774288,7.627954558068268,304.4936898354971,10.69265718080676,100,0.2389638740163732,0.02505127302371775,0,0
150,0.5816209044666585,1.0,0.8,0.09375,0.5,0.4183790955333415,0.06373082328360793,0.0,0,20.0,293.81989074577285,313.81989074577285,-30.30357958106115,80.0,0.24003253230040655,0.9362691767163921,1,24.833333333333332
151,0.6920001669575419,1.0,1.0,0.0625,0.5033333333333333,0.30799983304245815,1.0,0.0,496.85834337841266,447.1725090405714,0,221.1294132681416,-95.57600050087262,100,0.1296660582856859,0.0,3,37.5
152,0.6381245749458906,1.0,1.0,0.078125,0.5066666666666667,0.3618754250541094,0.4188348923050213,31.05828541230249,79.19565381595095,99.2285453054281,137.68711556354214,236.91566086897024,-0.5376758787372455,100,0.19279462917344414,0.5811651076949786,0,0
153,0.6949402332705681,1.0,1.0,0.0625,0.51,0.3050597667294319,1.0,59.99999999999999,672.1266197858639,658.9139578072775,0,195.40803573212668,-82.79910641409742,100,0.17165129948331526,0.0,2,48.85714285714286
154,0.7827470900825705,1.0,1.0,0.046875,0.5133333333333333,0.21725290991742952,1.0,84.85281374238569,149.69611870447451,211.09403920217417,0,190.4599531078416,-54.198241270247706,100,0.13977255931966837,0.0,2,34.425
155,0.7338485877995666,1.0,1.0,0.0625,0.5166666666666667,0.2661514122004334,1.0,103.92304845413263,657.626778639419,685.3948443841964,0,257.0305728955403,10.7984542366013,100,0.16714446976110897,0.0,0,0
156,0.6692206772933755,1.0,1.0,0.078125,0.52,0.33077932270662447,1.0,115.9110991546882,581.1139761219088,627.3225677489372,0,306.11041273039575,10.992337968119873,100,0.2229571781122529,0.0,0,0
157,0.5726843425803918,1.0,1.0,0.09375,0.5233333333333333,0.4273156574196082,1.0,120.0,573.4363821153822,624.092743903844,0,399.542747834235,11.281946972258824,100,0.23967362958219218,0.0,0,0
158,0.5194448713538697,1.0,1.0,0.109375,0.5266666666666666,0.4805551286461302,0.7958436649787521,115.9110991546882,343.25933311111186,413.25338903922005,106.0111439645745,519.2645330037946,7.358538685513434,100,0.2787100394583245,0.20415633502124786,0,0
159,0.5905908961289479,1.0,1.0,0.09375,0.53,0.40940910387105206,0.5775547147056967,103.92304845413264,139.03691388661116,218.66396610666942,159.939065846924,378.6030319535934,-42.12544029903482,100,0.20725902160660503,0.4224452852943033,2,24.452380952380953
160,0.5990533633305721,1.0,1.0,0.078125,0.5333333333333333,0.4009466366694279,0.2111292861995688,84.8528137423857,0,76.36753236814714,285.3422699184061,361.7098022865532,-58.87457436600034,100,0.1870863166660245,0.7888707138004313,2,29.15
161,0.5059408598099259,1.0,1.0,0.09375,0.5366666666666666,0.49405914019007413,0.5700527681984239,59.99999999999999,203.1006252858313,236.79056275724818,178.59302270553863,415.3835854627868,2.8832327845387002,100,0.2095969226085883,0.4299472318015762,0,0
162,0.40588473240049616,1.0,1.0,0.109375,0.54,0.5941152675995038,1.0,31.05828541230252,982.057293225939,911.8040207744174,0,473.4511436826762,11.782345802798512,100,0.27222912989799863,0.0,0,0
163,0.5729210908935012,1.0,0.8,0.078125,0.5433333333333333,0.4270789091064988,0.06371525609708192,1.469576158976824e-14,0,20.000000000000014,293.89656457672135,313.89656457672135,-110.98731529359601,80.0,0.17005518503964423,0.9362847439029182,3,36.51428571428571
164,0.6253601764371381,1.0,1.0,0.078125,0.5466666666666666,0.3746398235628618,0.9543867900502376,0.0,326.12491855224647,293.51242669702185,14.027901560844896,307.54032825786675,-69.28834472830665,100,0.1720398139292021,0.04561320994976231,1,81.5
165,0.8645079951931856,1.0,1.0,0.046875,0.55,0.1354920048068145,1.0,0.0,635.3636159889785,571.8272543900806,0,71.94455437012809,-72.42685731891288,100,0.1478532298408367,0.0,3,29.61111111111111
166,0.7781100306573066,1.0,1.0,0.0625,0.5533333333333333,0.2218899693426934,1.0,0.0,788.6733526864729,709.8060174178256,0,95.83480255520531,10.66566990802808,100,0.20478580375990163,0.0,0,0
167,0.7747739015377592,1.0,1.0,0.0625,0.5566666666666666,0.22522609846224084,1.0,0.0,320.97312162778877,288.8758094650099,0,189.84525009770974,-28.82432170461328,100,0.21973482406881162,0.0,1,41.5
168,0.7718329166871655,1.0,1.0,0.046875,0.56,0.2281670833128345,0.8022356105281884,0.0,133.22811542242792,119.90530388018513,29.55864699235218,149.4639508725373,-86.68745320616438,100,0.1108065922057232,0.19776438947181157,2,48.70833333333333
169,0.6683655196092904,1.0,1.0,0.0625,0.5633333333333334,0.3316344803907096,1.0,0.0,850.7390567916374,765.6651511124736,0,180.96701686066444,10.994903441172129,100,0.16398243490955922,0.0,0,0
170,0.6790555965083067,1.0,1.0,0.0625,0.5666666666666667,0.32094440349169334,1.0,0.0,679.8362290683206,611.8526061614886,0,232.65348517799288,-43.37050012285825,100,0.15833475181991796,0.0,1,56.333333333333336
171,0.7401272074374344,1.0,1.0,0.0625,0.57,0.25987279256256557,0.35341425948680205,0.0,97.64288656060032,87.87859790454029,160.77746377262594,248.65606167716624,-56.81876309924293,100,0.1666269941406675,0.6465857405131978,1,56.666666666666664
172,0.6857450038701562,1.0,0.8,0.078125,0.5733333333333334,0.3142549961298438,0.17173205941792605,0.0,32.992494150573435,49.69324473551609,239.67173990362414,289.36498463914023,-5.622593823251949,80.0,0.22371721243175158,0.828267940582074,0,0
173,0.8128845721955723,1.0,1.0,0.0625,0.5766666666666667,0.1871154278044277,1.0,0.0,874.2768225869822,786.8491403282841,0,114.39304551486485,-53.01008228801528,100,0.1649453526533562,0.0,2,33.785714285714285
174,0.7571658478376126,1.0,1.0,0.078125,0.58,0.24283415216238738,1.0,0.0,708.3903312174918,637.5512980957427,0,164.55165533612956,10.728502456487162,100,0.19322324161985782,0.0,0,0
175,0.7135722725704159,1.0,1.0,0.078125,0.5833333333333334,0.2864277274295841,1.0,0.0,532.9485217285927,479.6536695557335,0,172.93419356161195,-45.14071681771125,100,0.18198973422683973,0.0,1,58.0
176,0.6723203313337276,1.0,1.0,0.078125,0.5866666666666667,0.32767966866627235,1.0,31.05828541230249,1004.6411488416023,932.1294908285145,0,228.8927468484692,-16.183627660667852,100,0.19108805220825142,0.0,1,29.166666666666668
177,0.6979973472003722,1.0,1.0,0.078125,0.59,0.3020026527996278,0.2383494538906543,59.99999999999999,0.508322807112771,54.457490526401486,174.02002279479336,228.47751332119486,-46.32700296378803,100,0.17069027100471945,0.7616505461093457,1,44.0
178,0.7406580137538337,1.0,1.0,0.0625,0.5933333333333334,0.2593419862461664,1.0,84.85281374238569,489.423174752725,516.8483896455997,0,202.31630323679624,-54.75768832697578,100,0.1640106201802638,0.0,2,34.76785714285714
179,0.722422905641616,1.0,1.0,0.0625,0.5966666666666667,0.27757709435838396,0.8851760216579643,103.92304845413263,93.12275568514954,177.34122372535396,23.004492139370797,200.34571586472475,-48.7970816170989,100,0.15855320350410262,0.11482397834203571,1,59.333333333333336
180,0.6612257708741796,1.0,1.0,0.078125,0.6,0.3387742291258205,1.0,115.9110991546882,806.2153305154554,829.9137867031293,0,261.1838265817799,11.016322687377462,100,0.18097892027621665,0.0,0,0
181,0.701158699462575,1.0,1.0,0.078125,0.6033333333333334,0.29884130053742497,0.46093965895790223,120.0,0,108.0,126.30398730317035,234.30398730317035,-27.88468291922968,100,0.15194013100703585,0.5390603410420978,1,30.0
182,0.6506405641294475,1.0,1.0,0.09375,0.6066666666666667,0.3493594358705525,1.0,115.9110991546882,792.7779300982585,817.8201263276521,0,249.01679735016808,11.048078307611657,100,0.18699348675424277,0.0,0,0
183,0.7898005522246658,1.0,1.0,0.046875,0.61,0.21019944777533411,1.0,103.92304845413264,607.4361098082286,640.2232424361251,0,153.84314280184964,-184.60273499000735,100,0.08974777141974744,0.0,4,50.80833333333334
184,0.7161459784404571,1.0,1.0,0.0625,0.6133333333333333,0.2838540215595428,1.0,84.8528137423857,927.0524682290543,910.714753774296,0,249.20518481781437,10.851562064678628,100,0.11610664956973304,0.0,0,0
185,0.682252024282636,1.0,1.0,0.078125,0.6166666666666667,0.317747975717364,0.20859552624540445,59.99999999999999,4.232316127762448,57.8090845149862,219.3257397811786,277.1348242961648,-4.8748455479398185,100,0.1601032197117137,0.7914044737545955,0,0
186,0.6175320873930925,1.0,1.0,0.09375,0.62,0.38246791260690743,1.0,31.05828541230252,613.7638616076742,580.3399323179791,0,322.6192885964823,11.147403737820722,100,0.18289684608804824,0.0,0,0
187,0.6709103548117046,1.0,1.0,0.078125,0.6233333333333333,0.32908964518829537,1.0,1.469576158976824e-14,594.0077624983094,534.6069862484785,0,274.6276523186916,-73.58415963586368,100,0.18466232544288308,0.0,2,44.285714285714285
188,0.6203090668178679,1.0,1.0,0.09375,0.6266666666666667,0.3796909331821321,1.0,0.0,605.5169019879914,544.9652117891923,0,308.1400303366045,11.139072799546396,100,0.250262185513497,0.0,0,0
189,0.7488122306832773,1.0,1.0,0.078125,0.63,0.2511877693167227,1.0,0.0,652.4663133106959,587.2196819796263,0,196.7089229978153,-110.57977002538316,100,0.2279128505403124,0.0,2,62.666666666666664
190,0.7763414974873316,1.0,1.0,0.0625,0.6333333333333333,0.22365850251266836,1.0,0.0,450.86821605768574,405.78139445191715,0,167.30804105656827,-103.454024492462,100,0.1806766694298808,0.0,2,59.0625
191,0.8311758110146066,1.0,1.0,0.046875,0.6366666666666667,0.16882418898539342,1.0,0.0,754.9207438442944,679.428669459865,0,155.55216655006768,-55.160194099710495,100,0.15025918900675106,0.0,2,34.833333333333336
192,0.7764173903442824,1.0,1.0,0.0625,0.64,0.22358260965571758,1.0,0.0,668.9011273903861,602.0110146513475,0,182.7308480441301,10.670747828967153,100,0.1890505031512536,0.0,0,0
193,0.6995289373825069,0.984375,0.8,0.078125,0.6433333333333333,0.30047106261749307,0.09642203296714072,0.0,0,20.0,187.4214718830469,207.4214718830469,-7.170146152804706,80.0,0.24494667206504384,0.9035779670328593,0,0
194,0.6865639237248514,0.96875,1.0,0.078125,0.6466666666666666,0.3134360762751486,1.0,0.0,460.7224642159264,414.65021779433374,0,228.80806695444656,-51.393025104507885,100,0.24523640510940015,0.0,1,64.33333333333333
195,0.7321618222854267,0.953125,1.0,0.0625,0.65,0.26783817771457324,1.0,0.0,729.4934841066774,656.5441356960097,0,197.08811668214287,-82.19648546685627,100,0.1742978301473801,0.0,2,48.5
196,0.7929148529912833,0.9375,1.0,0.046875,0.6533333333333333,0.20708514700871675,1.0,0.0,825.2203231589627,742.6982908430665,0,81.17694587385121,-82.87874455897385,100,0.11141782000772571,0.0,2,48.75
197,0.8087119293528298,0.921875,1.0,0.046875,0.6566666666666666,0.19128807064717024,1.0,0.0,696.234699154739,626.6112292392652,0,126.53577062174125,-85.42613578805849,100,0.13605633062163058,0.0,1,98.0
198,0.7812409884173122,0.90625,0.8,0.0625,0.66,0.2187590115826879,0.10679197837902092,0.0,0,20.0,167.27998397985445,187.27998397985445,-7.207883397671518,80.0,0.20234072268367653,0.8932080216209791,0,0
199,0.7670333505614673,0.890625,0.6081948437417443,0.0625,0.6633333333333333,0.23296664943853274,0.14051429318755948,0.0,8.194843741744195,27.375359367569775,167.44723658734102,194.8225959549108,-44.09081418793321,60.81948437417442,0.19485548770294236,0.8594857068124405,1,39.6
200,0.7853075384923384,0.875,1.0,0.0625,0.6666666666666666,0.21469246150766166,1.0,31.05828541230249,414.70569298164446,401.18758055455226,0,143.381616725107,-37.10592261547701,100,0.1998281264636005,0.0,1,49.75
201,0.7640850499415353,0.859375,1.0,0.0625,0.67,0.2359149500584647,1.0,59.99999999999999,846.8500508774929,816.1650457897437,0,219.43978805365012,-87.29225514982461,100,0.19230315485871097,0.0,1,100.0
202,0.7163917351220841,0.84375,1.0,0.078125,0.6733333333333333,0.28360826487791596,1.0,84.85281374238569,702.0820207745771,708.2413510652666,0,257.0309849229858,10.850824794633748,100,0.2504671955968345,0.0,0,0
203,0.7288583940813826,0.828125,1.0,0.078125,0.6766666666666666,0.27114160591861736,1.0,103.92304845413263,962.7261013027559,959.9842347811996,0,263.0093076974064,-20.853241848910812,100,0.2585332064600564,0.0,1,33.666666666666664
204,0.746817698721157,0.8125,1.0,0.078125,0.68,0.25318230127884306,1.0,115.9110991546882,373.56895463806836,440.53204841348094,0,280.46160372094744,-54.90711976283014,100,0.2851083341537054,0.0,1,67.66666666666667
205,0.7234230266485344,0.796875,1.0,0.078125,0.6833333333333333,0.27657697335146564,1.0,120.0,402.9367823302749,470.64310409724743,0,318.49195414442056,-16.313126222802744,100,0.265822209429879,0.0,1,29.142857142857142
206,0.6411682939821872,0.78125,1.0,0.09375,0.6866666666666666,0.3588317060178127,1.0,115.9110991546882,1072.0617162267738,1069.1755338433159,0,402.10784866928486,11.076495118053439,100,0.3164377868794892,0.0,0,0
207,0.6198201255319487,0.765625,1.0,0.09375,0.69,0.38017987446805135,1.0,103.92304845413264,539.1579448503469,578.7728939740316,0,342.5832162248347,-16.28803180516727,100,0.30299107681547666,0.0,1,29.428571428571427
208,0.7153433715302708,0.75,1.0,0.078125,0.6933333333333334,0.28465662846972917,1.0,84.8528137423857,318.3268728292413,362.86171791446435,0,319.56901279354065,-123.14603011459081,100,0.22721421120098195,0.0,2,69.0
209,0.7048241643617712,0.734375,0.8,0.078125,0.6966666666666667,0.2951758356382288,0.23958598446427654,59.99999999999999,0,74.0,234.86614743123158,308.8661474312316,-36.98941947046645,80.0,0.1952300252451976,0.7604140155357234,1,34.666666666666664
210,0.6795594526530733,0.71875,1.0,0.09375,0.7,0.3204405473469267,1.0,31.05828541230252,963.7775631433788,895.3522637001132,0,374.08183383321335,10.96132164204078,100,0.21903280809360537,0.0,0,0
211,0.675819625056834,0.703125,1.0,0.09375,0.7033333333333334,0.3241803749431659,1.0,1.469576158976824e-14,612.9703132498161,551.6732819248344,0,281.2190963033427,-17.027458875170502,100,0.20019035004335395,0.0,1,30.0
212,0.7771189459792867,0.6875,1.0,0.0625,0.7066666666666667,0.22288105402071337,0.9604551311178664,0.0,206.1480431136589,185.53323880229303,7.638969655120604,193.17220845741363,-342.82225421558053,100,0.1731120853626943,0.03954486888213361,3,119.56666666666666
213,0.7816110823975029,0.671875,1.0,0.0625,0.71,0.2183889176024971,1.0,0.0,890.8476994148385,801.7629294733547,0,257.30683971361077,-13.84483324719251,100,0.17280797014505989,0.0,1,26.5
214,0.731034194260914,0.65625,0.8,0.0625,0.7133333333333334,0.2689658057390861,0.0891632764989496,0.0,0,20.0,204.30759372369644,224.30759372369644,-40.90983705280375,80.0,0.18604131559001214,0.9108367235010504,1,35.5
215,0.6794910847887103,0.640625,1.0,0.0625,0.7166666666666667,0.3205089152112896,0.7902353601364944,0.0,282.19207103826017,253.97286393443414,67.41602442227816,321.3888883567123,-98.23376605163624,100,0.15788493373489998,0.20976463986350558,1,107.0
216,0.6084026854138862,0.625,0.8,0.078125,0.72,0.3915973145861138,0.05655658053904275,0.0,0,20.0,333.62816863005685,353.62816863005685,-7.694076445460803,80.0,0.18590020799197327,0.9434434194609572,0,0
217,0.6621495074622581,0.609375,1.0,0.0625,0.7233333333333334,0.3378504925377419,1.0,0.0,704.9464794559348,634.4518315103413,0,285.8167574462149,-119.98644852238678,100,0.19978333815112415,0.0,2,67.5
218,0.6262896082891072,0.59375,1.0,0.078125,0.7266666666666667,0.3737103917108928,1.0,0.0,377.4356213499279,339.6920592149351,0,308.68578006304705,11.121131175132678,100,0.23780525760275162,0.0,0,0
219,0.727183076318391,0.578125,0.8,0.0625,0.73,0.27281692368160904,0.06840157040090358,0.0,0,20.0,272.39094779227173,292.39094779227173,-185.48018448760376,80.0,0.18574825204567624,0.9315984295990964,2,90.83333333333334
220,0.7524378346987766,0.5625,0.897468549217434,0.0625,0.7333333333333333,0.24756216530122344,0.4027031272730149,0.0,97.46854921743405,87.72169429569064,130.11047127430558,217.83216556999622,-26.578250958636033,89.7468549217434,0.15481723404043013,0.5972968727269851,1,27.375
221,0.7745325057775745,0.546875,1.0,0.0625,0.7366666666666667,0.22546749422242557,1.0,0.0,553.2962253801415,497.96660284212743,0,155.39649735437456,-18.75216894590415,100,0.14156532047373105,0.0,1,31.428571428571427
222,0.7073282677019985,0.53125,1.0,0.078125,0.74,0.2926717322980015,1.0,0.0,515.4480687242556,463.90326185183,0,181.87027317629327,10.878015196894005,100,0.19835057177425797,0.0,0,0
223,0.7088557741400032,0.515625,1.0,0.0625,0.7433333333333333,0.2911442258599968,1.0,0.0,938.0377678336606,844.2339910502945,0,145.6525273387521,-251.52656732242,100,0.147556890431092,0.0,2,133.2
224,0.7912067704068876,0.5,1.0,0.046875,0.7466666666666667,0.2087932295931124,1.0,31.05828541230249,923.4867506570985,859.0905324624608,0,182.39709311608516,-115.45695364455398,100,0.10777949135526155,0.0,2,65.04166666666666
225,0.722494125979614,0.484375,1.0,0.0625,0.75,0.2775058740203859,0.5269621252489072,59.99999999999999,66.10433480764968,113.49390132688471,101.88002383571894,215.37392516260365,1.371760127039302,100,0.16532577218966638,0.4730378747510928,0,0
226,0.7199815872873467,0.46875,1.0,0.0625,0.7533333333333333,0.2800184127126533,1.0,84.85281374238569,1053.0661909437256,1024.1271042175001,0,225.52971245189397,-19.302801904719185,100,0.17280700875295762,0.0,1,32.142857142857146
227,0.6943256954169126,0.453125,1.0,0.078125,0.7566666666666667,0.30567430458308736,1.0,103.92304845413263,225.2502097038988,296.25593234222833,0,265.3254502132572,10.917022913749262,100,0.22482950277518043,0.0,0,0
228,0.6891352695585307,0.4375,1.0,0.078125,0.76,0.3108647304414694,1.0,115.9110991546882,329.23173507747435,400.62855080894633,0,283.29030777791525,-43.817405808675595,100,0.22840350428812395,0.0,1,56.75
229,0.7211971593358776,0.421875,1.0,0.078125,0.7633333333333333,0.2788028406641224,1.0,120.0,810.647917660322,837.5831258942899,0,192.26464499957794,-25.163591478007632,100,0.2024404490449787,0.0,1,38.0
230,0.7537792321590101,0.40625,1.0,0.0625,0.7666666666666667,0.24622076784098992,1.0,115.9110991546882,141.48033072355955,231.652286890423,0,225.55488582001473,-157.01133769647703,100,0.14869445461624142,0.0,2,85.875
231,0.7645472575188187,0.390625,1.0,0.0625,0.77,0.23545274248118134,1.0,103.92304845413264,469.8456292400177,516.3918099247353,0,250.7755072801016,-25.62697510588979,100,0.1460399283941307,0.0,1,38.333333333333336
232,0.7286640476549056,0.375,1.0,0.078125,0.7733333333333333,0.27133595234509444,1.0,84.8528137423857,295.82788992564286,342.61263330122574,0,293.8453508792598,10.814007857035284,100,0.16454027565824092,0.0,0,0
233,0.6813102302313789,0.359375,1.0,0.09375,0.7766666666666666,0.318689769768621,0.5038071885220243,59.99999999999999,127.71005661164303,168.9390509504787,166.38576139703986,335.32481234751856,1.0322130797463496,100,0.2266746517060474,0.4961928114779757,0,0
234,0.6044656225112897,0.34375,1.0,0.09375,0.78,0.3955343774887103,0.58038365085451,31.05828541230252,191.6004058884234,200.39282217065335,144.88365464879382,345.27647681944717,-28.491438136157953,100,0.19263831089683492,0.41961634914549,1,33.285714285714285
235,0.57727968209309,0.328125,0.8,0.09375,0.7833333333333333,0.42272031790691,0.04842378602410425,1.469576158976824e-14,0,20.000000000000014,393.02016306706116,413.02016306706116,-64.26336332579719,80.0,0.18144557894297175,0.9515762139758958,1,58.5
236,0.5464927876456876,0.3125,1.0,0.109375,0.7866666666666666,0.45350721235431235,1.0,0.0,833.4368433733164,750.0931590359847,0,540.0124881559017,11.360521637062938,100,0.24097360619318342,0.0,0,0
237,0.5702250405573781,0.296875,0.8,0.109375,0.79,0.4297749594426219,0.04133974864818312,0.0,0,20.0,463.79587815609517,483.79587815609517,-35.38388014870847,80.0,0.2798986542207649,0.9586602513518169,1,29.5
238,0.6787290421370573,0.28125,0.6,0.078125,0.7933333333333333,0.32127095786294274,0.057407429433174645,0.0,0,20.0,328.38696310694564,348.38696310694564,-118.4130385377477,60.0,0.2116133645475855,0.9425925705668253,3,38.84166666666667
239,0.6139174559320275,0.265625,1.0,0.09375,0.7966666666666666,0.38608254406797243,1.0,0.0,581.3539115416945,523.2185203875251,0,401.138977953966,11.158247632203917,100,0.23088221908485584,0.0,0,0
240,0.5438857983266576,0.25,1.0,0.09375,0.8,0.4561142016733424,1.0,0.0,530.7818893507872,477.7037004157085,0,430.71866510092264,-46.381657394979975,100,0.23220962635684617,0.0,1,59.75
241,0.552018669171201,0.234375,1.0,0.09375,0.8033333333333333,0.44798133082879893,0.8316710182366143,0.0,412.10118531733457,370.89106678560114,75.06780234993596,445.9588691355371,-24.308349928495602,100,0.26613204561664694,0.16832898176338576,1,34.285714285714285
242,0.4570559107010024,0.21875,1.0,0.109375,0.8066666666666666,0.5429440892989976,1.0,0.0,855.5307055342668,769.9776349808401,0,499.94332802135784,11.628832267896993,100,0.3319518325376286,0.0,0,0
243,0.5588618882864103,0.203125,1.0,0.09375,0.81,0.44113811171358974,1.0,0.0,721.4456785338002,649.3011106804203,0,409.03527582488385,-63.32658566485924,100,0.3171541051684714,0.0,2,39.325
244,0.6209143996720755,0.1875,1.0,0.078125,0.8133333333333334,0.3790856003279245,0.9280841548791945,0.0,343.7742938740204,309.39686448661837,23.974697628771366,333.37156211538974,-102.01534581571806,100,0.24403249357833812,0.07191584512080552,2,57.85714285714286
245,0.6080300198794168,0.171875,1.0,0.078125,0.8166666666666667,0.3919699801205832,1.0,0.0,418.52896443606096,376.6760679924549,0,335.70469452661473,-27.490756726304916,100,0.2755641747537243,0.0,1,40.666666666666664
246,0.5179751654037406,0.15625,1.0,0.09375,0.82,0.4820248345962595,0.3246640053427823,0.0,164.7411461706254,148.26703155356287,308.41134705826266,456.6783786118255,-2.0606453893555754,100,0.32862096458248957,0.6753359946572177,0,0
247,0.6662433629226513,0.140625,1.0,0.078125,0.8233333333333334,0.3337566370773487,1.0,0.0,603.1433871385153,542.8290484246638,0,364.087596125896,-69.34158723162511,100,0.264596096621039,0.0,2,42.17142857142858
248,0.6289106144642107,0.125,0.8,0.078125,0.8266666666666667,0.37108938553578935,0.1426705772776469,31.05828541230249,0,47.95245687107224,288.1536820825357,336.1061389536079,-53.43332029783969,80.0,0.25693044362264994,0.8573294227223531,1,49.4
249,0.617630814960104,0.109375,1.0,0.078125,0.83,0.3823691850398961,1.0,59.99999999999999,580.4264825180975,576.3838342662877,0,345.6641268711235,-36.45289244488031,100,0.2544382307533408,0.0,1,49.6
250,0.5879474821856372,0.09375,1.0,0.078125,0.8333333333333334,0.4120525178143628,0.7149302493370577,84.85281374238569,260.1811419537738,310.5305601265436,123.82028796597052,434.3508480925141,-75.46523745981575,100,0.24218198250720702,0.28506975066294227,1,83.0
251,0.5546614458454984,0.078125,1.0,0.09375,0.8366666666666667,0.4453385541545016,1.0,103.92304845413263,807.0921681369672,819.9136949319899,0,488.65039556785734,11.336015662463504,100,0.2880164969555048,0.0,0,0
252,0.49576685518166863,0.0625,1.0,0.109375,0.84,0.5042331448183314,0.4611989018113222,115.9110991546882,143.3699230147816,233.35291995252283,272.6173220321126,505.97024198463544,0.736677470681439,100,0.3454657340619858,0.5388010981886777,0,0
253,0.6898097200823159,0.046875,1.0,0.0625,0.8433333333333334,0.3101902799176841,1.0,120.0,328.0305218296811,403.227469646713,0,264.2261509903448,-224.96942916024696,100,0.1796599662087861,0.0,4,60.975
254,0.6720432551726503,0.03125,1.0,0.0625,0.8466666666666667,0.32795674482734966,0.7996317562004697,115.9110991546882,118.27777324337008,210.76998515825244,52.81382516932524,263.5838103275777,-54.273494641508556,100,0.16649847794134864,0.2003682437995303,1,63.25
255,0.5807586199661079,0.015625,1.0,0.078125,0.85,0.41924138003389216,0.6358340095567628,103.92304845413264,146.1952752074985,225.10649129546803,128.92693238438326,354.0334236798513,3.9744043312369337,100,0.2051748457086181,0.36416599044323716,0,0
256,0.5942085347634506,0.0,1.0,0.078125,0.8533333333333334,0.4057914652365494,1.0,84.8528137423857,373.9391923971806,412.91280552560966,0,325.8880713991485,-23.211197032861783,100,0.19772192747555428,0.0,1,36.42857142857143
257,0.7548578634414345,0.0,0.8,0.046875,0.8566666666666667,0.2451421365585655,0.27182810484175346,59.99999999999999,0,74.0,198.2308645865724,272.2308645865724,-319.8280114934892,80.0,0.13335822184191193,0.7281718951582465,2,160.0
258,0.7548578634414345,0.0,0.6310582854123026,0.046875,0.86,0.2451421365585655,0.17614629018607428,31.05828541230252,0,47.95245687107227,224.27840771550012,272.2308645865724,-5.741647786602819,63.10582854123025,0.13335822184191193,0.8238537098139257,0,0
259,0.8137524541052643,0.0,1.0,0.03125,0.8633333333333333,0.1862475458947357,1.0,1.469576158976824e-14,663.9983164934309,597.5984848440878,0,176.86232310737734,-24.298400219458646,100,0.07590898473543095,0.0,1,36.857142857142854
260,0.9999999999999993,0.0,1.0,0.0,0.8666666666666667,7.105427357601002e-16,1.0,0.0,46.979304545749436,42.28137409117449,0,0,-90.96666666666667,100,-4.440892098500626e-16,0,2,47.483333333333334
261,0.9999999999999993,0.0,1.0,0.0,0.87,7.105427357601002e-16,1.0,0.0,989.9383383550803,890.9445045195723,0,0,2.131628207280301e-15,100,-4.440892098500626e-16,0,0,0
262,0.9999999999999993,0.0,1.0,0.0,0.8733333333333333,7.105427357601002e-16,1.0,0.0,640.5546209642145,576.499158867793,0,0,2.131628207280301e-15,100,-4.440892098500626e-16,0,0,0
263,0.9999999999999993,0.0,1.0,0.0,0.8766666666666667,7.105427357601002e-16,1.0,0.0,634.2585935323831,570.8327341791448,0,0,2.131628207280301e-15,100,-4.440892098500626e-16,0,0,0
264,0.9999999999999993,0.0,1.0,0.0,0.88,7.105427357601002e-16,1.0,0.0,216.53359392758694,194.88023453482825,0,0,2.131628207280301e-15,100,-4.440892098500626e-16,0,0,0
265,0.9999999999999993,0.0,1.0,0.0,0.8833333333333333,7.105427357601002e-16,1.0,0.0,0,0.0,0,0,2.131628207280301e-15,100,-4.440892098500626e-16,0,0,0
266,0.9999999999999993,0.0,1.0,0.0,0.8866666666666667,7.105427357601002e-16,1.0,0.0,507.6423589303202,456.87812303728816,0,0,2.131628207280301e-15,100,-4.440892098500626e-16,0,0,0
267,0.9999999999999993,0.0,1.0,0.0,0.89,7.105427357601002e-16,1.0,0.0,106.2050067423979,95.5845060681581,0,0,2.131628207280301e-15,100,-4.440892098500626e-16,0,0,0
268,0.9999999999999993,0.0,1.0,0.0,0.8933333333333333,7.105427357601002e-16,1.0,0.0,739.7537314007808,665.7783582607027,0,0,2.131628207280301e-15,100,-4.440892098500626e-16,0,0,0
269,0.9999999999999993,0.0,1.0,0.0,0.8966666666666666,7.105427357601002e-16,1.0,0.0,174.63762461949673,157.17386215754706,0,0,2.131628207280301e-15,100,-4.440892098500626e-16,0,0,0
270,0.9999999999999993,0.0,1.0,0.0,0.9,7.105427357601002e-16,1.0,0.0,989.7468264775631,890.7721438298069,0,0,2.131628207280301e-15,100,-4.440892098500626e-16,0,0,0
271,0.9999999999999993,0.0,1.0,0.0,0.9033333333333333,7.105427357601002e-16,1.0,0.0,813.0694250168856,731.762482515197,0,0,2.131628207280301e-15,100,-4.440892098500626e-16,0,0,0
272,0.9999999999999993,0.0,1.0,0.0,0.9066666666666666,7.105427357601002e-16,1.0,31.05828541230249,736.4534425544948,690.7605551701175,0,0,2.131628207280301e-15,100,-4.440892098500626e-16,0,0,0
273,0.9999999999999993,0.0,1.0,0.0,0.91,7.105427357601002e-16,1.0,59.99999999999999,703.8350615856573,687.4515554270915,0,0,2.131628207280301e-15,100,-4.440892098500626e-16,0,0,0
274,0.9999999999999993,0.0,1.0,0.0,0.9133333333333333,7.105427357601002e-16,1.0,84.85281374238569,0,76.36753236814712,0,0,2.131628207280301e-15,100,-4.440892098500626e-16,0,0,0
275,0.9999999999999993,0.0,1.0,0.0,0.9166666666666666,7.105427357601002e-16,1.0,103.92304845413263,1006.1617588019654,999.0763265304882,0,0,2.131628207280301e-15,100,-4.440892098500626e-16,0,0,0
276,0.9999999999999993,0.0,1.0,0.0,0.92,7.105427357601002e-16,1.0,115.9110991546882,541.8647763879266,591.9982879883534,0,0,2.131628207280301e-15,100,-4.440892098500626e-16,0,0,0
277,0.9999999999999993,0.0,1.0,0.0,0.9233333333333333,7.105427357601002e-16,1.0,120.0,486.8670177558947,546.1803159803053,0,0,2.131628207280301e-15,100,-4.440892098500626e-16,0,0,0
278,0.9999999999999993,0.0,1.0,0.0,0.9266666666666666,7.105427357601002e-16,1.0,115.9110991546882,588.9914131877435,634.4122611081885,0,0,2.131628207280301e-15,100,-4.440892098500626e-16,0,0,0
279,0.9999999999999993,0.0,1.0,0.0,0.93,7.105427357601002e-16,1.0,103.92304845413264,249.5639759514592,318.1383219650327,0,0,2.131628207280301e-15,100,-4.440892098500626e-16,0,0,0
280,0.9999999999999993,0.0,1.0,0.0,0.9333333333333333,7.105427357601002e-16,1.0,84.8528137423857,598.6475865702259,615.1503602813505,0,0,2.131628207280301e-15,100,-4.440892098500626e-16,0,0,0
281,0.9999999999999993,0.0,1.0,0.0,0.9366666666666666,7.105427357601002e-16,1.0,59.99999999999999,123.62880482901339,165.26592434611203,0,0,2.131628207280301e-15,100,-4.440892098500626e-16,0,0,0
282,0.9999999999999993,0.0,1.0,0.0,0.94,7.105427357601002e-16,1.0,31.05828541230252,952.4481091778224,885.1557551311125,0,0,2.131628207280301e-15,100,-4.440892098500626e-16,0,0,0
283,0.9999999999999993,0.0,1.0,0.0,0.9433333333333334,7.105427357601002e-16,1.0,1.469576158976824e-14,110.77067562803737,99.69360806523365,0,0,2.131628207280301e-15,100,-4.440892098500626e-16,0,0,0
284,0.9999999999999993,0.0,1.0,0.0,0.9466666666666667,7.105427357601002e-16,1.0,0.0,139.9968418827121,125.99715769444089,0,0,2.131628207280301e-15,100,-4.440892098500626e-16,0,0,0
285,0.9999999999999993,0.0,1.0,0.0,0.95,7.105427357601002e-16,1.0,0.0,0,0.0,0,0,2.131628207280301e-15,100,-4.440892098500626e-16,0,0,0
286,0.9999999999999993,0.0,1.0,0.0,0.9533333333333334,7.105427357601002e-16,1.0,0.0,426.2004909111561,383.5804418200405,0,0,2.131628207280301e-15,100,-4.440892098500626e-16,0,0,0
287,0.9999999999999993,0.0,1.0,0.0,0.9566666666666667,7.105427357601002e-16,1.0,0.0,0,0.0,0,0,2.131628207280301e-15,100,-4.440892098500626e-16,0,0,0
288,0.9999999999999993,0.0,1.0,0.0,0.96,7.105427357601002e-16,1.0,0.0,287.4128628402647,258.6715765562383,0,0,2.131628207280301e-15,100,-4.440892098500626e-16,0,0,0
289,0.9999999999999993,0.0,1.0,0.0,0.9633333333333334,7.105427357601002e-16,1.0,0.0,0,0.0,0,0,2.131628207280301e-15,100,-4.440892098500626e-16,0,0,0
290,0.9999999999999993,0.0,1.0,0.0,0.9666666666666667,7.105427357601002e-16,1.0,0.0,180.84476133130744,162.7602851981767,0,0,2.131628207280301e-15,100,-4.440892098500626e-16,0,0,0
291,0.9999999999999993,0.0,1.0,0.0,0.97,7.105427357601002e-16,1.0,0.0,740.8856233858512,666.7970610472661,0,0,2.131628207280301e-15,100,-4.440892098500626e-16,0,0,0
292,0.9999999999999993,0.0,1.0,0.0,0.9733333333333334,7.105427357601002e-16,1.0,0.0,317.8965872772093,286.1069285494884,0,0,2.131628207280301e-15,100,-4.440892098500626e-16,0,0,0
293,0.9999999999999993,0.0,1.0,0.0,0.9766666666666667,7.105427357601002e-16,1.0,0.0,665.980523580687,599.3824712226183,0,0,2.131628207280301e-15,100,-4.440892098500626e-16,0,0,0
294,0.9999999999999993,0.0,1.0,0.0,0.98,7.105427357601002e-16,1.0,0.0,79.44262519509901,71.4983626755891,0,0,2.131628207280301e-15,100,-4.440892098500626e-16,0,0,0
295,0.9999999999999993,0.0,1.0,0.0,0.9833333333333333,7.105427357601002e-16,1.0,0.0,474.3466279536463,426.9119651582817,0,0,2.131628207280301e-15,100,-4.440892098500626e-16,0,0,0
296,0.9999999999999993,0.0,1.0,0.0,0.9866666666666667,7.105427357601002e-16,1.0,31.05828541230249,0,27.95245687107224,0,0,2.131628207280301e-15,100,-4.440892098500626e-16,0,0,0
297,0.9999999999999993,0.0,1.0,0.0,0.99,7.105427357601002e-16,1.0,59.99999999999999,413.27444818138,425.947003363242,0,0,2.131628207280301e-15,100,-4.440892098500626e-16,0,0,0
298,0.9999999999999993,0.0,1.0,0.0,0.9933333333333333,7.105427357601002e-16,1.0,84.85281374238569,783.7170114990939,781.7128427173317,0,0,2.131628207280301e-15,100,-4.440892098500626e-16,0,0,0
299,0.9999999999999993,0.0,1.0,0.0,0.9966666666666667,7.105427357601002e-16,1.0,103.92304845413263,249.1183371294642,317.73724702523714,0,0,2.131628207280301e-15,100,-4.440892098500626e-16,0,0,0
300,0.9999999999999993,0.0,1.0,0.0,1.0,7.105427357601002e-16,1.0,115.9110991546882,931.330176820768,942.5171483779105,0,0,2.131628207280301e-15,100,-4.440892098500626e-16,0,0,0
